<?xml version="1.0" encoding="UTF-8"?>
<export version="D">
  <design>
    <source>C:\Users\vyma9\OneDrive\Plocha\test\test\test.sch</source>
    <date>28.10.2020 15:06:21</date>
    <tool>Eeschema (5.1.7)-1</tool>
    <sheet number="1" name="/" tstamps="/">
      <title_block>
        <title/>
        <company/>
        <rev/>
        <date/>
        <source>test.sch</source>
        <comment number="1" value=""/>
        <comment number="2" value=""/>
        <comment number="3" value=""/>
        <comment number="4" value=""/>
      </title_block>
    </sheet>
  </design>
  <components>
    <comp ref="U1">
      <value>ESP-12F</value>
      <footprint>Relay_THT:Relay_DPDT_Omron_G2RL</footprint>
      <datasheet>http://wiki.ai-thinker.com/_media/esp8266/esp8266_series_modules_user_manual_v1.1.pdf</datasheet>
      <libsource lib="RF_Module" part="ESP-12F" description="802.11 b/g/n Wi-Fi Module"/>
      <sheetpath names="/" tstamps="/"/>
      <tstamp>5F971F6C</tstamp>
    </comp>
    <comp ref="K1">
      <value>RT314A05</value>
      <footprint>Relay_THT:Relay_DPDT_FRT5</footprint>
      <datasheet>https://www.te.com/commerce/DocumentDelivery/DDEController?Action=srchrtrv&amp;DocNm=RT1_bistable&amp;DocType=DS&amp;DocLang=English</datasheet>
      <libsource lib="Relay" part="RT314A05" description="Schrack RT1 relay, bistable single pole dual throw, single DC coil, 5V"/>
      <sheetpath names="/" tstamps="/"/>
      <tstamp>5F97473D</tstamp>
    </comp>
    <comp ref="Q4">
      <value>MMBT5551L</value>
      <footprint>Package_TO_SOT_SMD:SOT-23</footprint>
      <datasheet>www.onsemi.com/pub/Collateral/MMBT5550LT1-D.PDF</datasheet>
      <libsource lib="Transistor_BJT" part="MMBT5551L" description="0.6A Ic, 160V Vce, NPN Transistor, SOT-23"/>
      <sheetpath names="/" tstamps="/"/>
      <tstamp>5F97E341</tstamp>
    </comp>
    <comp ref="R14">
      <value>R</value>
      <footprint>Resistor_SMD:R_0805_2012Metric</footprint>
      <datasheet>~</datasheet>
      <libsource lib="Device" part="R" description="Resistor"/>
      <sheetpath names="/" tstamps="/"/>
      <tstamp>5F98060C</tstamp>
    </comp>
    <comp ref="J4">
      <value>6P4C</value>
      <footprint>Connector_RJ:RJ14_Connfly_DS1133-S4_Horizontal</footprint>
      <datasheet>~</datasheet>
      <libsource lib="Connector" part="6P4C" description="RJ connector, 6P4C (6 positions 4 connected), RJ13/RJ14"/>
      <sheetpath names="/" tstamps="/"/>
      <tstamp>5F9828A6</tstamp>
    </comp>
    <comp ref="J1">
      <value>Screw_Terminal_01x03</value>
      <footprint>TerminalBlock_WAGO:TerminalBlock_WAGO_236-403_1x03_P5.00mm_45Degree</footprint>
      <datasheet>~</datasheet>
      <libsource lib="Connector" part="Screw_Terminal_01x03" description="Generic screw terminal, single row, 01x03, script generated (kicad-library-utils/schlib/autogen/connector/)"/>
      <sheetpath names="/" tstamps="/"/>
      <tstamp>5F98626E</tstamp>
    </comp>
    <comp ref="U2">
      <value>CH340G</value>
      <footprint>Package_SO:SOIC-16_3.9x9.9mm_P1.27mm</footprint>
      <datasheet>http://www.datasheet5.com/pdf-local-2195953</datasheet>
      <libsource lib="Interface_USB" part="CH340G" description="USB serial converter, UART, SOIC-16"/>
      <sheetpath names="/" tstamps="/"/>
      <tstamp>5F98BCEB</tstamp>
    </comp>
    <comp ref="J3">
      <value>USB_B</value>
      <footprint>Connector_USB:USB_B_Lumberg_2411_02_Horizontal</footprint>
      <datasheet> ~</datasheet>
      <libsource lib="Connector" part="USB_B" description="USB Type B connector"/>
      <sheetpath names="/" tstamps="/"/>
      <tstamp>5F98D06F</tstamp>
    </comp>
    <comp ref="C4">
      <value>C</value>
      <footprint>Capacitor_SMD:C_0805_2012Metric</footprint>
      <datasheet>~</datasheet>
      <libsource lib="Device" part="C" description="Unpolarized capacitor"/>
      <sheetpath names="/" tstamps="/"/>
      <tstamp>5F994094</tstamp>
    </comp>
    <comp ref="C5">
      <value>C</value>
      <footprint>Capacitor_SMD:C_0805_2012Metric</footprint>
      <datasheet>~</datasheet>
      <libsource lib="Device" part="C" description="Unpolarized capacitor"/>
      <sheetpath names="/" tstamps="/"/>
      <tstamp>5F994B26</tstamp>
    </comp>
    <comp ref="Y1">
      <value>Crystal</value>
      <footprint>Crystal:Crystal_SMD_SeikoEpson_FA238-4Pin_3.2x2.5mm</footprint>
      <datasheet>~</datasheet>
      <libsource lib="Device" part="Crystal" description="Two pin crystal"/>
      <sheetpath names="/" tstamps="/"/>
      <tstamp>5F9953AE</tstamp>
    </comp>
    <comp ref="C2">
      <value>C</value>
      <footprint>Capacitor_SMD:C_0805_2012Metric</footprint>
      <datasheet>~</datasheet>
      <libsource lib="Device" part="C" description="Unpolarized capacitor"/>
      <sheetpath names="/" tstamps="/"/>
      <tstamp>5F9B1044</tstamp>
    </comp>
    <comp ref="C1">
      <value>C</value>
      <footprint>Capacitor_SMD:C_0805_2012Metric</footprint>
      <datasheet>~</datasheet>
      <libsource lib="Device" part="C" description="Unpolarized capacitor"/>
      <sheetpath names="/" tstamps="/"/>
      <tstamp>5F9B1A32</tstamp>
    </comp>
    <comp ref="Q1">
      <value>BC847BDW1</value>
      <footprint>Package_TO_SOT_SMD:SOT-363_SC-70-6</footprint>
      <datasheet>http://www.onsemi.com/pub_link/Collateral/BC846BDW1T1-D.PDF</datasheet>
      <libsource lib="Transistor_BJT" part="BC847BDW1" description="100mA IC, 45V Vce, Dual NPN/NPN Transistors, SOT-363"/>
      <sheetpath names="/" tstamps="/"/>
      <tstamp>5F9B745B</tstamp>
    </comp>
    <comp ref="R7">
      <value>R</value>
      <footprint>Resistor_SMD:R_0805_2012Metric</footprint>
      <datasheet>~</datasheet>
      <libsource lib="Device" part="R" description="Resistor"/>
      <sheetpath names="/" tstamps="/"/>
      <tstamp>5F9BCE48</tstamp>
    </comp>
    <comp ref="R8">
      <value>R</value>
      <footprint>Resistor_SMD:R_0805_2012Metric</footprint>
      <datasheet>~</datasheet>
      <libsource lib="Device" part="R" description="Resistor"/>
      <sheetpath names="/" tstamps="/"/>
      <tstamp>5F9BD7B5</tstamp>
    </comp>
    <comp ref="D3">
      <value>D</value>
      <footprint>Diode_SMD:D_SMA</footprint>
      <datasheet>~</datasheet>
      <libsource lib="Device" part="D" description="Diode"/>
      <sheetpath names="/" tstamps="/"/>
      <tstamp>5F9EA8E8</tstamp>
    </comp>
    <comp ref="U4">
      <value>EL817</value>
      <footprint>Package_DIP:DIP-4_W7.62mm</footprint>
      <datasheet>http://www.everlight.com/file/ProductFile/EL817.pdf</datasheet>
      <libsource lib="Isolator" part="EL817" description="DC Optocoupler, Vce 35V, DIP-4"/>
      <sheetpath names="/" tstamps="/"/>
      <tstamp>5FA0093F</tstamp>
    </comp>
    <comp ref="R1">
      <value>R</value>
      <footprint>Resistor_SMD:R_0805_2012Metric</footprint>
      <datasheet>~</datasheet>
      <libsource lib="Device" part="R" description="Resistor"/>
      <sheetpath names="/" tstamps="/"/>
      <tstamp>5FA2C65C</tstamp>
    </comp>
    <comp ref="R2">
      <value>R</value>
      <footprint>Resistor_SMD:R_0805_2012Metric</footprint>
      <datasheet>~</datasheet>
      <libsource lib="Device" part="R" description="Resistor"/>
      <sheetpath names="/" tstamps="/"/>
      <tstamp>5FA2D4A5</tstamp>
    </comp>
    <comp ref="R3">
      <value>R</value>
      <footprint>Resistor_SMD:R_0805_2012Metric</footprint>
      <datasheet>~</datasheet>
      <libsource lib="Device" part="R" description="Resistor"/>
      <sheetpath names="/" tstamps="/"/>
      <tstamp>5FA2DAE9</tstamp>
    </comp>
    <comp ref="R4">
      <value>R</value>
      <footprint>Resistor_SMD:R_0805_2012Metric</footprint>
      <datasheet>~</datasheet>
      <libsource lib="Device" part="R" description="Resistor"/>
      <sheetpath names="/" tstamps="/"/>
      <tstamp>5FA2E14C</tstamp>
    </comp>
    <comp ref="R5">
      <value>R</value>
      <footprint>Resistor_SMD:R_0805_2012Metric</footprint>
      <datasheet>~</datasheet>
      <libsource lib="Device" part="R" description="Resistor"/>
      <sheetpath names="/" tstamps="/"/>
      <tstamp>5FA2E6E4</tstamp>
    </comp>
    <comp ref="C3">
      <value>C</value>
      <footprint>Capacitor_SMD:C_0805_2012Metric</footprint>
      <datasheet>~</datasheet>
      <libsource lib="Device" part="C" description="Unpolarized capacitor"/>
      <sheetpath names="/" tstamps="/"/>
      <tstamp>5FA452E7</tstamp>
    </comp>
    <comp ref="U6">
      <value>AMS1117-3.3</value>
      <footprint>Package_TO_SOT_SMD:SOT-223-3_TabPin2</footprint>
      <datasheet>http://www.advanced-monolithic.com/pdf/ds1117.pdf</datasheet>
      <libsource lib="Regulator_Linear" part="AMS1117-3.3" description="1A Low Dropout regulator, positive, 3.3V fixed output, SOT-223"/>
      <sheetpath names="/" tstamps="/"/>
      <tstamp>5FA78F44</tstamp>
    </comp>
    <comp ref="U3">
      <value>AMS1117-5.0</value>
      <footprint>Package_TO_SOT_SMD:SOT-223-3_TabPin2</footprint>
      <datasheet>http://www.advanced-monolithic.com/pdf/ds1117.pdf</datasheet>
      <libsource lib="Regulator_Linear" part="AMS1117-5.0" description="1A Low Dropout regulator, positive, 5.0V fixed output, SOT-223"/>
      <sheetpath names="/" tstamps="/"/>
      <tstamp>5FA84766</tstamp>
    </comp>
    <comp ref="C6">
      <value>C</value>
      <footprint>Capacitor_SMD:C_0805_2012Metric</footprint>
      <datasheet>~</datasheet>
      <libsource lib="Device" part="C" description="Unpolarized capacitor"/>
      <sheetpath names="/" tstamps="/"/>
      <tstamp>5FABFFB8</tstamp>
    </comp>
    <comp ref="C7">
      <value>C</value>
      <footprint>Capacitor_SMD:C_0805_2012Metric</footprint>
      <datasheet>~</datasheet>
      <libsource lib="Device" part="C" description="Unpolarized capacitor"/>
      <sheetpath names="/" tstamps="/"/>
      <tstamp>5FAC0670</tstamp>
    </comp>
    <comp ref="C8">
      <value>C</value>
      <footprint>Capacitor_SMD:C_0805_2012Metric</footprint>
      <datasheet>~</datasheet>
      <libsource lib="Device" part="C" description="Unpolarized capacitor"/>
      <sheetpath names="/" tstamps="/"/>
      <tstamp>5FAC0E63</tstamp>
    </comp>
    <comp ref="C9">
      <value>C</value>
      <footprint>Capacitor_SMD:C_0805_2012Metric</footprint>
      <datasheet>~</datasheet>
      <libsource lib="Device" part="C" description="Unpolarized capacitor"/>
      <sheetpath names="/" tstamps="/"/>
      <tstamp>5FAC15AE</tstamp>
    </comp>
    <comp ref="R6">
      <value>R</value>
      <footprint>Resistor_SMD:R_0805_2012Metric</footprint>
      <datasheet>~</datasheet>
      <libsource lib="Device" part="R" description="Resistor"/>
      <sheetpath names="/" tstamps="/"/>
      <tstamp>5FAEBF35</tstamp>
    </comp>
    <comp ref="SW2">
      <value>SW_Push</value>
      <footprint>Button_Switch_THT:SW_TH_Tactile_Omron_B3F-10xx</footprint>
      <datasheet>~</datasheet>
      <libsource lib="Switch" part="SW_Push" description="Push button switch, generic, two pins"/>
      <sheetpath names="/" tstamps="/"/>
      <tstamp>5FB0FDD3</tstamp>
    </comp>
    <comp ref="R11">
      <value>R</value>
      <footprint>Resistor_SMD:R_0805_2012Metric</footprint>
      <datasheet>~</datasheet>
      <libsource lib="Device" part="R" description="Resistor"/>
      <sheetpath names="/" tstamps="/"/>
      <tstamp>5FB15958</tstamp>
    </comp>
    <comp ref="J5">
      <value>6P4C</value>
      <footprint>Connector_RJ:RJ14_Connfly_DS1133-S4_Horizontal</footprint>
      <datasheet>~</datasheet>
      <libsource lib="Connector" part="6P4C" description="RJ connector, 6P4C (6 positions 4 connected), RJ13/RJ14"/>
      <sheetpath names="/" tstamps="/"/>
      <tstamp>5FB4369B</tstamp>
    </comp>
    <comp ref="R9">
      <value>R</value>
      <footprint>Resistor_SMD:R_0805_2012Metric</footprint>
      <datasheet>~</datasheet>
      <libsource lib="Device" part="R" description="Resistor"/>
      <sheetpath names="/" tstamps="/"/>
      <tstamp>5FB523F4</tstamp>
    </comp>
    <comp ref="U5">
      <value>24LC256</value>
      <footprint>Package_SO:MSOP-8_3x3mm_P0.65mm</footprint>
      <datasheet>http://ww1.microchip.com/downloads/en/devicedoc/21203m.pdf</datasheet>
      <libsource lib="Memory_EEPROM" part="24LC256" description="I2C Serial EEPROM, 256Kb, DIP-8/SOIC-8/TSSOP-8/DFN-8"/>
      <sheetpath names="/" tstamps="/"/>
      <tstamp>5F9DC40F</tstamp>
    </comp>
    <comp ref="J2">
      <value>Screw_Terminal_01x02</value>
      <footprint>TerminalBlock_WAGO:TerminalBlock_WAGO_236-402_1x02_P5.00mm_45Degree</footprint>
      <datasheet>~</datasheet>
      <libsource lib="Connector" part="Screw_Terminal_01x02" description="Generic screw terminal, single row, 01x02, script generated (kicad-library-utils/schlib/autogen/connector/)"/>
      <sheetpath names="/" tstamps="/"/>
      <tstamp>5FA26A2C</tstamp>
    </comp>
    <comp ref="SW1">
      <value>SW_Push</value>
      <footprint>Button_Switch_THT:SW_TH_Tactile_Omron_B3F-10xx</footprint>
      <datasheet>~</datasheet>
      <libsource lib="Switch" part="SW_Push" description="Push button switch, generic, two pins"/>
      <sheetpath names="/" tstamps="/"/>
      <tstamp>5FA608B0</tstamp>
    </comp>
    <comp ref="Q2">
      <value>BSS84</value>
      <footprint>Package_TO_SOT_SMD:SOT-23</footprint>
      <datasheet>http://assets.nexperia.com/documents/data-sheet/BSS84.pdf</datasheet>
      <libsource lib="Transistor_FET" part="BSS84" description="-0.13A Id, -50V Vds, P-Channel MOSFET, SOT-23"/>
      <sheetpath names="/" tstamps="/"/>
      <tstamp>5FA92469</tstamp>
    </comp>
    <comp ref="Q3">
      <value>BSS84</value>
      <footprint>Package_TO_SOT_SMD:SOT-23</footprint>
      <datasheet>http://assets.nexperia.com/documents/data-sheet/BSS84.pdf</datasheet>
      <libsource lib="Transistor_FET" part="BSS84" description="-0.13A Id, -50V Vds, P-Channel MOSFET, SOT-23"/>
      <sheetpath names="/" tstamps="/"/>
      <tstamp>5FA95267</tstamp>
    </comp>
    <comp ref="D1">
      <value>LED</value>
      <footprint>LED_SMD:LED_0805_2012Metric</footprint>
      <datasheet>~</datasheet>
      <libsource lib="Device" part="LED" description="Light emitting diode"/>
      <sheetpath names="/" tstamps="/"/>
      <tstamp>5FA96F17</tstamp>
    </comp>
    <comp ref="D2">
      <value>LED</value>
      <footprint>LED_SMD:LED_0805_2012Metric</footprint>
      <datasheet>~</datasheet>
      <libsource lib="Device" part="LED" description="Light emitting diode"/>
      <sheetpath names="/" tstamps="/"/>
      <tstamp>5FA9861D</tstamp>
    </comp>
    <comp ref="R12">
      <value>R</value>
      <footprint>Resistor_SMD:R_0805_2012Metric</footprint>
      <datasheet>~</datasheet>
      <libsource lib="Device" part="R" description="Resistor"/>
      <sheetpath names="/" tstamps="/"/>
      <tstamp>5FA99C7A</tstamp>
    </comp>
    <comp ref="R15">
      <value>R</value>
      <footprint>Resistor_SMD:R_0805_2012Metric</footprint>
      <datasheet>~</datasheet>
      <libsource lib="Device" part="R" description="Resistor"/>
      <sheetpath names="/" tstamps="/"/>
      <tstamp>5FA99FA1</tstamp>
    </comp>
    <comp ref="R10">
      <value>R</value>
      <footprint>Resistor_SMD:R_0805_2012Metric</footprint>
      <datasheet>~</datasheet>
      <libsource lib="Device" part="R" description="Resistor"/>
      <sheetpath names="/" tstamps="/"/>
      <tstamp>5FA9ABB7</tstamp>
    </comp>
    <comp ref="R13">
      <value>R</value>
      <footprint>Resistor_SMD:R_0805_2012Metric</footprint>
      <datasheet>~</datasheet>
      <libsource lib="Device" part="R" description="Resistor"/>
      <sheetpath names="/" tstamps="/"/>
      <tstamp>5FAAFE8B</tstamp>
    </comp>
  </components>
  <libparts>
    <libpart lib="Connector" part="6P4C">
      <aliases>
        <alias>RJ13</alias>
        <alias>RJ14</alias>
      </aliases>
      <description>RJ connector, 6P4C (6 positions 4 connected), RJ13/RJ14</description>
      <docs>~</docs>
      <footprints>
        <fp>6P4C*</fp>
        <fp>RJ13*</fp>
        <fp>RJ14*</fp>
      </footprints>
      <fields>
        <field name="Reference">J</field>
        <field name="Value">6P4C</field>
      </fields>
      <pins>
        <pin num="1" name="~" type="passive"/>
        <pin num="2" name="~" type="passive"/>
        <pin num="3" name="~" type="passive"/>
        <pin num="4" name="~" type="passive"/>
      </pins>
    </libpart>
    <libpart lib="Connector" part="Screw_Terminal_01x02">
      <description>Generic screw terminal, single row, 01x02, script generated (kicad-library-utils/schlib/autogen/connector/)</description>
      <docs>~</docs>
      <footprints>
        <fp>TerminalBlock*:*</fp>
      </footprints>
      <fields>
        <field name="Reference">J</field>
        <field name="Value">Screw_Terminal_01x02</field>
      </fields>
      <pins>
        <pin num="1" name="Pin_1" type="passive"/>
        <pin num="2" name="Pin_2" type="passive"/>
      </pins>
    </libpart>
    <libpart lib="Connector" part="Screw_Terminal_01x03">
      <description>Generic screw terminal, single row, 01x03, script generated (kicad-library-utils/schlib/autogen/connector/)</description>
      <docs>~</docs>
      <footprints>
        <fp>TerminalBlock*:*</fp>
      </footprints>
      <fields>
        <field name="Reference">J</field>
        <field name="Value">Screw_Terminal_01x03</field>
      </fields>
      <pins>
        <pin num="1" name="Pin_1" type="passive"/>
        <pin num="2" name="Pin_2" type="passive"/>
        <pin num="3" name="Pin_3" type="passive"/>
      </pins>
    </libpart>
    <libpart lib="Connector" part="USB_B">
      <description>USB Type B connector</description>
      <docs> ~</docs>
      <footprints>
        <fp>USB*</fp>
      </footprints>
      <fields>
        <field name="Reference">J</field>
        <field name="Value">USB_B</field>
      </fields>
      <pins>
        <pin num="1" name="VBUS" type="power_out"/>
        <pin num="2" name="D-" type="BiDi"/>
        <pin num="3" name="D+" type="BiDi"/>
        <pin num="4" name="GND" type="power_out"/>
        <pin num="5" name="Shield" type="passive"/>
      </pins>
    </libpart>
    <libpart lib="Device" part="C">
      <description>Unpolarized capacitor</description>
      <docs>~</docs>
      <footprints>
        <fp>C_*</fp>
      </footprints>
      <fields>
        <field name="Reference">C</field>
        <field name="Value">C</field>
      </fields>
      <pins>
        <pin num="1" name="~" type="passive"/>
        <pin num="2" name="~" type="passive"/>
      </pins>
    </libpart>
    <libpart lib="Device" part="Crystal">
      <description>Two pin crystal</description>
      <docs>~</docs>
      <footprints>
        <fp>Crystal*</fp>
      </footprints>
      <fields>
        <field name="Reference">Y</field>
        <field name="Value">Crystal</field>
      </fields>
      <pins>
        <pin num="1" name="1" type="passive"/>
        <pin num="2" name="2" type="passive"/>
      </pins>
    </libpart>
    <libpart lib="Device" part="D">
      <description>Diode</description>
      <docs>~</docs>
      <footprints>
        <fp>TO-???*</fp>
        <fp>*_Diode_*</fp>
        <fp>*SingleDiode*</fp>
        <fp>D_*</fp>
      </footprints>
      <fields>
        <field name="Reference">D</field>
        <field name="Value">D</field>
      </fields>
      <pins>
        <pin num="1" name="K" type="passive"/>
        <pin num="2" name="A" type="passive"/>
      </pins>
    </libpart>
    <libpart lib="Device" part="LED">
      <description>Light emitting diode</description>
      <docs>~</docs>
      <footprints>
        <fp>LED*</fp>
        <fp>LED_SMD:*</fp>
        <fp>LED_THT:*</fp>
      </footprints>
      <fields>
        <field name="Reference">D</field>
        <field name="Value">LED</field>
      </fields>
      <pins>
        <pin num="1" name="K" type="passive"/>
        <pin num="2" name="A" type="passive"/>
      </pins>
    </libpart>
    <libpart lib="Device" part="R">
      <description>Resistor</description>
      <docs>~</docs>
      <footprints>
        <fp>R_*</fp>
      </footprints>
      <fields>
        <field name="Reference">R</field>
        <field name="Value">R</field>
      </fields>
      <pins>
        <pin num="1" name="~" type="passive"/>
        <pin num="2" name="~" type="passive"/>
      </pins>
    </libpart>
    <libpart lib="Interface_USB" part="CH340G">
      <description>USB serial converter, UART, SOIC-16</description>
      <docs>http://www.datasheet5.com/pdf-local-2195953</docs>
      <footprints>
        <fp>SOIC*3.9x9.9mm*P1.27mm*</fp>
      </footprints>
      <fields>
        <field name="Reference">U</field>
        <field name="Value">CH340G</field>
        <field name="Footprint">Package_SO:SOIC-16_3.9x9.9mm_P1.27mm</field>
      </fields>
      <pins>
        <pin num="1" name="GND" type="power_in"/>
        <pin num="2" name="TXD" type="output"/>
        <pin num="3" name="RXD" type="input"/>
        <pin num="4" name="V3" type="passive"/>
        <pin num="5" name="UD+" type="BiDi"/>
        <pin num="6" name="UD-" type="BiDi"/>
        <pin num="7" name="XI" type="input"/>
        <pin num="8" name="XO" type="output"/>
        <pin num="9" name="~CTS" type="input"/>
        <pin num="10" name="~DSR" type="input"/>
        <pin num="11" name="~RI" type="input"/>
        <pin num="12" name="~DCD" type="input"/>
        <pin num="13" name="~DTR" type="output"/>
        <pin num="14" name="~RTS" type="output"/>
        <pin num="15" name="R232" type="input"/>
        <pin num="16" name="VCC" type="power_in"/>
      </pins>
    </libpart>
    <libpart lib="Isolator" part="PC817">
      <aliases>
        <alias>EL817</alias>
      </aliases>
      <description>DC Optocoupler, Vce 35V, CTR 50-300%, DIP-4</description>
      <docs>http://www.soselectronic.cz/a_info/resource/d/pc817.pdf</docs>
      <footprints>
        <fp>DIP*W7.62mm*</fp>
      </footprints>
      <fields>
        <field name="Reference">U</field>
        <field name="Value">PC817</field>
        <field name="Footprint">Package_DIP:DIP-4_W7.62mm</field>
      </fields>
      <pins>
        <pin num="1" name="~" type="passive"/>
        <pin num="2" name="~" type="passive"/>
        <pin num="3" name="~" type="passive"/>
        <pin num="4" name="~" type="passive"/>
      </pins>
    </libpart>
    <libpart lib="Memory_EEPROM" part="24LC16">
      <aliases>
        <alias>24LC02</alias>
        <alias>24LC00</alias>
        <alias>24LC04</alias>
        <alias>24LC08</alias>
        <alias>24LC01</alias>
        <alias>24LC512</alias>
        <alias>24LC64</alias>
        <alias>24LC1025</alias>
        <alias>24LC32</alias>
        <alias>24LC256</alias>
        <alias>24LC128</alias>
        <alias>CAT24C256</alias>
        <alias>CAT24C128</alias>
      </aliases>
      <description>I2C Serial EEPROM, 16Kb, DIP-8/SOIC-8/TSSOP-8/DFN-8</description>
      <docs>http://ww1.microchip.com/downloads/en/DeviceDoc/21703d.pdf</docs>
      <footprints>
        <fp>DIP*W7.62mm*</fp>
        <fp>SOIC*3.9x4.9mm*</fp>
        <fp>TSSOP*4.4x3mm*P0.65mm*</fp>
        <fp>DFN*3x2mm*P0.5mm*</fp>
      </footprints>
      <fields>
        <field name="Reference">U</field>
        <field name="Value">24LC16</field>
      </fields>
      <pins>
        <pin num="1" name="A0" type="input"/>
        <pin num="2" name="A1" type="input"/>
        <pin num="3" name="A2" type="input"/>
        <pin num="4" name="GND" type="power_in"/>
        <pin num="5" name="SDA" type="BiDi"/>
        <pin num="6" name="SCL" type="input"/>
        <pin num="7" name="WP" type="input"/>
        <pin num="8" name="VCC" type="power_in"/>
      </pins>
    </libpart>
    <libpart lib="RF_Module" part="ESP-12E">
      <aliases>
        <alias>ESP-12F</alias>
      </aliases>
      <description>802.11 b/g/n Wi-Fi Module</description>
      <docs>http://wiki.ai-thinker.com/_media/esp8266/esp8266_series_modules_user_manual_v1.1.pdf</docs>
      <footprints>
        <fp>ESP?12*</fp>
      </footprints>
      <fields>
        <field name="Reference">U</field>
        <field name="Value">ESP-12E</field>
        <field name="Footprint">RF_Module:ESP-12E</field>
      </fields>
      <pins>
        <pin num="1" name="~RST" type="input"/>
        <pin num="2" name="ADC" type="input"/>
        <pin num="3" name="EN" type="input"/>
        <pin num="4" name="GPIO16" type="BiDi"/>
        <pin num="5" name="GPIO14" type="BiDi"/>
        <pin num="6" name="GPIO12" type="BiDi"/>
        <pin num="7" name="GPIO13" type="BiDi"/>
        <pin num="8" name="VCC" type="power_in"/>
        <pin num="9" name="CS0" type="input"/>
        <pin num="10" name="MISO" type="BiDi"/>
        <pin num="11" name="GPIO9" type="BiDi"/>
        <pin num="12" name="GPIO10" type="BiDi"/>
        <pin num="13" name="MOSI" type="BiDi"/>
        <pin num="14" name="SCLK" type="BiDi"/>
        <pin num="15" name="GND" type="power_in"/>
        <pin num="16" name="GPIO15" type="BiDi"/>
        <pin num="17" name="GPIO2" type="BiDi"/>
        <pin num="18" name="GPIO0" type="BiDi"/>
        <pin num="19" name="GPIO4" type="BiDi"/>
        <pin num="20" name="GPIO5" type="BiDi"/>
        <pin num="21" name="GPIO3/RXD" type="BiDi"/>
        <pin num="22" name="GPIO1/TXD" type="BiDi"/>
      </pins>
    </libpart>
    <libpart lib="Regulator_Linear" part="AP1117-15">
      <aliases>
        <alias>AP1117-18</alias>
        <alias>AP1117-25</alias>
        <alias>AP1117-33</alias>
        <alias>AP1117-50</alias>
        <alias>LD1117S33TR_SOT223</alias>
        <alias>LD1117S12TR_SOT223</alias>
        <alias>LD1117S18TR_SOT223</alias>
        <alias>LD1117S25TR_SOT223</alias>
        <alias>LD1117S50TR_SOT223</alias>
        <alias>NCP1117-12_SOT223</alias>
        <alias>NCP1117-1.5_SOT223</alias>
        <alias>NCP1117-1.8_SOT223</alias>
        <alias>NCP1117-2.0_SOT223</alias>
        <alias>NCP1117-2.5_SOT223</alias>
        <alias>NCP1117-2.85_SOT223</alias>
        <alias>NCP1117-3.3_SOT223</alias>
        <alias>NCP1117-5.0_SOT223</alias>
        <alias>AMS1117-1.5</alias>
        <alias>AMS1117-1.8</alias>
        <alias>AMS1117-2.5</alias>
        <alias>AMS1117-2.85</alias>
        <alias>AMS1117-3.3</alias>
        <alias>AMS1117-5.0</alias>
      </aliases>
      <description>1A Low Dropout regulator, positive, 1.5V fixed output, SOT-223</description>
      <docs>http://www.diodes.com/datasheets/AP1117.pdf</docs>
      <footprints>
        <fp>SOT?223*TabPin2*</fp>
      </footprints>
      <fields>
        <field name="Reference">U</field>
        <field name="Value">AP1117-15</field>
        <field name="Footprint">Package_TO_SOT_SMD:SOT-223-3_TabPin2</field>
      </fields>
      <pins>
        <pin num="1" name="GND" type="power_in"/>
        <pin num="2" name="VO" type="power_out"/>
        <pin num="3" name="VI" type="power_in"/>
      </pins>
    </libpart>
    <libpart lib="Relay" part="RT314A03">
      <aliases>
        <alias>RT314A05</alias>
        <alias>RT314A06</alias>
        <alias>RT314A12</alias>
        <alias>RT314A24</alias>
      </aliases>
      <description>Schrack RT1 relay, bistable single pole dual throw, single DC coil, 3V</description>
      <docs>https://www.te.com/commerce/DocumentDelivery/DDEController?Action=srchrtrv&amp;DocNm=RT1_bistable&amp;DocType=DS&amp;DocLang=English</docs>
      <footprints>
        <fp>Relay*SPDT*Schrack*RT1*16A*FormC*RM5mm*</fp>
      </footprints>
      <fields>
        <field name="Reference">K</field>
        <field name="Value">RT314A03</field>
        <field name="Footprint">Relay_THT:Relay_SPDT_Schrack-RT1-16A-FormC_RM5mm</field>
      </fields>
      <pins>
        <pin num="11" name="~" type="passive"/>
        <pin num="12" name="~" type="passive"/>
        <pin num="14" name="~" type="passive"/>
        <pin num="A1" name="~" type="passive"/>
        <pin num="A2" name="~" type="passive"/>
      </pins>
    </libpart>
    <libpart lib="Switch" part="SW_Push">
      <description>Push button switch, generic, two pins</description>
      <docs>~</docs>
      <fields>
        <field name="Reference">SW</field>
        <field name="Value">SW_Push</field>
      </fields>
      <pins>
        <pin num="1" name="1" type="passive"/>
        <pin num="2" name="2" type="passive"/>
      </pins>
    </libpart>
    <libpart lib="Transistor_BJT" part="BC817">
      <aliases>
        <alias>BC818</alias>
        <alias>BC846</alias>
        <alias>BC847</alias>
        <alias>BC848</alias>
        <alias>BC849</alias>
        <alias>BC850</alias>
        <alias>MMBT3904</alias>
        <alias>MMBT5550L</alias>
        <alias>MMBT5551L</alias>
      </aliases>
      <description>0.8A Ic, 45V Vce, NPN Transistor, SOT-23</description>
      <docs>https://www.onsemi.com/pub/Collateral/BC818-D.pdf</docs>
      <footprints>
        <fp>SOT?23*</fp>
      </footprints>
      <fields>
        <field name="Reference">Q</field>
        <field name="Value">BC817</field>
        <field name="Footprint">Package_TO_SOT_SMD:SOT-23</field>
      </fields>
      <pins>
        <pin num="1" name="B" type="input"/>
        <pin num="2" name="E" type="passive"/>
        <pin num="3" name="C" type="passive"/>
      </pins>
    </libpart>
    <libpart lib="Transistor_BJT" part="BC846BS">
      <aliases>
        <alias>BC846BDW1</alias>
        <alias>BC847BS</alias>
        <alias>BC847BDW1</alias>
        <alias>PMBT2222AYS</alias>
        <alias>MMDT2222A</alias>
        <alias>MBT2222ADW1T1</alias>
        <alias>FFB2222A</alias>
        <alias>PMBT3904YS</alias>
        <alias>MMDT3904</alias>
        <alias>MBT3904DW1</alias>
        <alias>FFB3904</alias>
        <alias>MMDT5551</alias>
        <alias>FFB5551</alias>
        <alias>PUMX1</alias>
      </aliases>
      <description>100mA IC, 65V Vce, Dual NPN/NPN Transistors, SOT-363</description>
      <docs>https://assets.nexperia.com/documents/data-sheet/BC846BS.pdf</docs>
      <footprints>
        <fp>SOT?363*</fp>
      </footprints>
      <fields>
        <field name="Reference">Q</field>
        <field name="Value">BC846BS</field>
        <field name="Footprint">Package_TO_SOT_SMD:SOT-363_SC-70-6</field>
      </fields>
      <pins>
        <pin num="1" name="E1" type="passive"/>
        <pin num="2" name="B1" type="input"/>
        <pin num="3" name="C2" type="passive"/>
        <pin num="4" name="E2" type="passive"/>
        <pin num="5" name="B2" type="input"/>
        <pin num="6" name="C1" type="passive"/>
      </pins>
    </libpart>
    <libpart lib="Transistor_FET" part="TP0610T">
      <aliases>
        <alias>VP0610T</alias>
        <alias>BSS84</alias>
        <alias>NTR2101P</alias>
        <alias>BSS83P</alias>
        <alias>Si2319CDS</alias>
        <alias>IRLML6401</alias>
        <alias>IRLML6402</alias>
        <alias>DMG2301L</alias>
        <alias>AO3401A</alias>
        <alias>IRLML9301</alias>
        <alias>IRLML5203</alias>
        <alias>Si2371EDS</alias>
        <alias>TSM2301ACX</alias>
        <alias>FDN340P</alias>
      </aliases>
      <description>-0.18A Id, -60V Vds, P-Channel MOSFET, SOT-23</description>
      <docs>http://www.vishay.com/docs/70209/70209.pdf</docs>
      <footprints>
        <fp>SOT?23*</fp>
      </footprints>
      <fields>
        <field name="Reference">Q</field>
        <field name="Value">TP0610T</field>
        <field name="Footprint">Package_TO_SOT_SMD:SOT-23</field>
      </fields>
      <pins>
        <pin num="1" name="G" type="input"/>
        <pin num="2" name="S" type="passive"/>
        <pin num="3" name="D" type="passive"/>
      </pins>
    </libpart>
  </libparts>
  <libraries>
    <library logical="Connector">
      <uri>D:\INSTALL\KiCad\share\kicad\library/Connector.lib</uri>
    </library>
    <library logical="Device">
      <uri>D:\INSTALL\KiCad\share\kicad\library/Device.lib</uri>
    </library>
    <library logical="Interface_USB">
      <uri>D:\INSTALL\KiCad\share\kicad\library/Interface_USB.lib</uri>
    </library>
    <library logical="Isolator">
      <uri>D:\INSTALL\KiCad\share\kicad\library/Isolator.lib</uri>
    </library>
    <library logical="Memory_EEPROM">
      <uri>D:\INSTALL\KiCad\share\kicad\library/Memory_EEPROM.lib</uri>
    </library>
    <library logical="RF_Module">
      <uri>D:\INSTALL\KiCad\share\kicad\library/RF_Module.lib</uri>
    </library>
    <library logical="Regulator_Linear">
      <uri>D:\INSTALL\KiCad\share\kicad\library/Regulator_Linear.lib</uri>
    </library>
    <library logical="Relay">
      <uri>D:\INSTALL\KiCad\share\kicad\library/Relay.lib</uri>
    </library>
    <library logical="Switch">
      <uri>D:\INSTALL\KiCad\share\kicad\library/Switch.lib</uri>
    </library>
    <library logical="Transistor_BJT">
      <uri>D:\INSTALL\KiCad\share\kicad\library/Transistor_BJT.lib</uri>
    </library>
    <library logical="Transistor_FET">
      <uri>D:\INSTALL\KiCad\share\kicad\library/Transistor_FET.lib</uri>
    </library>
  </libraries>
  <nets>
    <net code="1" name="GND">
      <node ref="R12" pin="2"/>
      <node ref="C1" pin="2"/>
      <node ref="C2" pin="2"/>
      <node ref="J3" pin="5"/>
      <node ref="C4" pin="2"/>
      <node ref="C5" pin="2"/>
      <node ref="SW1" pin="1"/>
      <node ref="C8" pin="2"/>
      <node ref="C7" pin="2"/>
      <node ref="C6" pin="2"/>
      <node ref="U3" pin="1"/>
      <node ref="R15" pin="2"/>
      <node ref="U5" pin="3"/>
      <node ref="U5" pin="2"/>
      <node ref="U5" pin="1"/>
      <node ref="J5" pin="1"/>
      <node ref="U5" pin="4"/>
      <node ref="J2" pin="2"/>
      <node ref="J3" pin="4"/>
      <node ref="U5" pin="7"/>
      <node ref="U4" pin="2"/>
      <node ref="C3" pin="2"/>
      <node ref="U2" pin="1"/>
      <node ref="J4" pin="1"/>
      <node ref="SW2" pin="2"/>
      <node ref="C9" pin="2"/>
      <node ref="Q4" pin="2"/>
      <node ref="R5" pin="2"/>
      <node ref="U6" pin="1"/>
      <node ref="U1" pin="15"/>
    </net>
    <net code="2" name="DS_DATA">
      <node ref="J4" pin="2"/>
      <node ref="U1" pin="7"/>
      <node ref="R6" pin="2"/>
    </net>
    <net code="3" name="+5V">
      <node ref="C7" pin="1"/>
      <node ref="J2" pin="1"/>
      <node ref="C8" pin="1"/>
      <node ref="K1" pin="A1"/>
      <node ref="U3" pin="2"/>
      <node ref="U4" pin="4"/>
      <node ref="J3" pin="1"/>
      <node ref="Q2" pin="3"/>
      <node ref="Q3" pin="3"/>
      <node ref="C2" pin="1"/>
      <node ref="U6" pin="3"/>
      <node ref="D3" pin="1"/>
    </net>
    <net code="4" name="VIN">
      <node ref="U3" pin="3"/>
      <node ref="C6" pin="1"/>
    </net>
    <net code="5" name="DHC_DATA">
      <node ref="J5" pin="2"/>
      <node ref="R9" pin="2"/>
      <node ref="U1" pin="6"/>
    </net>
    <net code="6" name="BUTTON">
      <node ref="SW2" pin="1"/>
      <node ref="R11" pin="2"/>
      <node ref="U1" pin="4"/>
    </net>
    <net code="7" name="+3V3">
      <node ref="U1" pin="8"/>
      <node ref="U6" pin="2"/>
      <node ref="U2" pin="16"/>
      <node ref="U2" pin="4"/>
      <node ref="C9" pin="1"/>
      <node ref="R6" pin="1"/>
      <node ref="R4" pin="2"/>
      <node ref="R1" pin="1"/>
      <node ref="R2" pin="2"/>
      <node ref="R3" pin="2"/>
      <node ref="R11" pin="1"/>
      <node ref="J4" pin="4"/>
      <node ref="U5" pin="8"/>
      <node ref="J5" pin="4"/>
      <node ref="R9" pin="1"/>
      <node ref="C1" pin="1"/>
    </net>
    <net code="8" name="GPIO0">
      <node ref="R3" pin="1"/>
      <node ref="U1" pin="18"/>
      <node ref="Q1" pin="3"/>
    </net>
    <net code="9" name="RST">
      <node ref="U1" pin="1"/>
      <node ref="C3" pin="1"/>
      <node ref="R2" pin="1"/>
      <node ref="SW1" pin="2"/>
    </net>
    <net code="10" name="EN">
      <node ref="U1" pin="3"/>
      <node ref="R1" pin="2"/>
      <node ref="Q1" pin="6"/>
    </net>
    <net code="11" name="ADC">
      <node ref="U1" pin="2"/>
    </net>
    <net code="12" name="RX">
      <node ref="U1" pin="21"/>
      <node ref="U2" pin="2"/>
    </net>
    <net code="13" name="GPIO2">
      <node ref="U1" pin="17"/>
      <node ref="R4" pin="1"/>
    </net>
    <net code="14" name="TX">
      <node ref="U2" pin="3"/>
      <node ref="U1" pin="22"/>
    </net>
    <net code="15" name="GPIO15">
      <node ref="R5" pin="1"/>
      <node ref="U1" pin="16"/>
    </net>
    <net code="16" name="Net-(D1-Pad1)">
      <node ref="R12" pin="1"/>
      <node ref="D1" pin="1"/>
    </net>
    <net code="17" name="Net-(D2-Pad2)">
      <node ref="Q3" pin="2"/>
      <node ref="D2" pin="2"/>
    </net>
    <net code="18" name="Net-(Q3-Pad1)">
      <node ref="Q3" pin="1"/>
      <node ref="R13" pin="1"/>
    </net>
    <net code="19" name="Net-(D1-Pad2)">
      <node ref="Q2" pin="2"/>
      <node ref="D1" pin="2"/>
    </net>
    <net code="20" name="Net-(Q2-Pad1)">
      <node ref="Q2" pin="1"/>
      <node ref="R10" pin="1"/>
    </net>
    <net code="21" name="Net-(D2-Pad1)">
      <node ref="R15" pin="1"/>
      <node ref="D2" pin="1"/>
    </net>
    <net code="22" name="L-NO">
      <node ref="J1" pin="1"/>
      <node ref="K1" pin="14"/>
    </net>
    <net code="23" name="LED_GREEN">
      <node ref="R13" pin="2"/>
    </net>
    <net code="24" name="LED_RED">
      <node ref="R10" pin="2"/>
    </net>
    <net code="25" name="RELE">
      <node ref="R14" pin="2"/>
      <node ref="U1" pin="5"/>
    </net>
    <net code="26" name="SCL">
      <node ref="U5" pin="6"/>
      <node ref="U1" pin="20"/>
    </net>
    <net code="27" name="SDA">
      <node ref="U5" pin="5"/>
      <node ref="U1" pin="19"/>
    </net>
    <net code="28" name="Net-(J5-Pad3)">
      <node ref="J5" pin="3"/>
    </net>
    <net code="29" name="Net-(C4-Pad1)">
      <node ref="Y1" pin="1"/>
      <node ref="C4" pin="1"/>
      <node ref="U2" pin="7"/>
    </net>
    <net code="30" name="Net-(C5-Pad1)">
      <node ref="C5" pin="1"/>
      <node ref="U2" pin="8"/>
      <node ref="Y1" pin="2"/>
    </net>
    <net code="31" name="Net-(U2-Pad9)">
      <node ref="U2" pin="9"/>
    </net>
    <net code="32" name="Net-(J3-Pad2)">
      <node ref="J3" pin="2"/>
      <node ref="U2" pin="6"/>
    </net>
    <net code="33" name="Net-(J3-Pad3)">
      <node ref="J3" pin="3"/>
      <node ref="U2" pin="5"/>
    </net>
    <net code="34" name="Net-(U2-Pad15)">
      <node ref="U2" pin="15"/>
    </net>
    <net code="35" name="RTS">
      <node ref="Q1" pin="1"/>
      <node ref="U2" pin="14"/>
      <node ref="R8" pin="2"/>
    </net>
    <net code="36" name="DTR">
      <node ref="U2" pin="13"/>
      <node ref="Q1" pin="4"/>
      <node ref="R7" pin="2"/>
    </net>
    <net code="37" name="Net-(Q4-Pad1)">
      <node ref="U4" pin="3"/>
      <node ref="Q4" pin="1"/>
    </net>
    <net code="38" name="L-NC">
      <node ref="K1" pin="12"/>
      <node ref="J1" pin="3"/>
    </net>
    <net code="39" name="Net-(U1-Pad9)">
      <node ref="U1" pin="9"/>
    </net>
    <net code="40" name="Net-(U1-Pad14)">
      <node ref="U1" pin="14"/>
    </net>
    <net code="41" name="Net-(U1-Pad13)">
      <node ref="U1" pin="13"/>
    </net>
    <net code="42" name="Net-(U1-Pad12)">
      <node ref="U1" pin="12"/>
    </net>
    <net code="43" name="Net-(U1-Pad11)">
      <node ref="U1" pin="11"/>
    </net>
    <net code="44" name="Net-(U1-Pad10)">
      <node ref="U1" pin="10"/>
    </net>
    <net code="45" name="Net-(U2-Pad12)">
      <node ref="U2" pin="12"/>
    </net>
    <net code="46" name="Net-(U2-Pad11)">
      <node ref="U2" pin="11"/>
    </net>
    <net code="47" name="Net-(U2-Pad10)">
      <node ref="U2" pin="10"/>
    </net>
    <net code="48" name="L">
      <node ref="K1" pin="11"/>
      <node ref="J1" pin="2"/>
    </net>
    <net code="49" name="Net-(J4-Pad3)">
      <node ref="J4" pin="3"/>
    </net>
    <net code="50" name="Net-(R14-Pad1)">
      <node ref="U4" pin="1"/>
      <node ref="R14" pin="1"/>
    </net>
    <net code="51" name="Net-(D3-Pad2)">
      <node ref="K1" pin="A2"/>
      <node ref="Q4" pin="3"/>
      <node ref="D3" pin="2"/>
    </net>
    <net code="52" name="Net-(Q1-Pad2)">
      <node ref="R7" pin="1"/>
      <node ref="Q1" pin="2"/>
    </net>
    <net code="53" name="Net-(Q1-Pad5)">
      <node ref="R8" pin="1"/>
      <node ref="Q1" pin="5"/>
    </net>
  </nets>
</export>
